<?xml version="1.0" encoding="UTF-8"?>
<metadata>
  <groupId>myblockchanin</groupId>
  <artifactId>blockchanin_server</artifactId>
  <versioning>
    <release>0.1</release>
    <versions>
      <version>4.12</version>
      <version>1.3</version>
      <version>1.2.14</version>
      <version>1.7.7</version>
      <version>4.1.9.Final</version>
      <version>1.2.9</version>
      <version>1.4</version>
      <version>1.0</version>
      <version>0.1</version>
    </versions>
    <lastUpdated>20180412105215</lastUpdated>
  </versioning>
</metadata>
