<?xml version="1.0" encoding="UTF-8"?>
<beans xmlns="http://www.springframework.org/schema/beans"
	xmlns:xsi="http://www.w3.org/2001/XMLSchema-instance" xmlns:context="http://www.springframework.org/schema/context"
	xmlns:mq="http://www.youfangbao.com/schema/bao"  
	xsi:schemaLocation="http://www.springframework.org/schema/beans
        http://www.springframework.org/schema/beans/spring-beans.xsd
        http://www.springframework.org/schema/context
        http://www.springframework.org/schema/context/spring-context.xsd
        http://www.youfangbao.com/schema/bao
		http://www.youfangbao.com/schema/bao/bao.xsd">
	<bean id="helloword" class="cn.bofowo.service.HelloWorldService"></bean>
    <mq:consumerApplication id="consumer" retry="5">
    	<mq:pserver port="6139" ip="localhost"/>
    </mq:consumerApplication>
    <mq:consumerBean id="consumerBean" ref="helloword" method="count" queue="test">
    </mq:consumerBean>
  	<!-- <mq:producerApplication id="producerApplication" host="127.0.0.1" port="6189"></mq:producerApplication> -->
    
</beans>